Workbook

Sheet Property-Definition
A1: performative | B1: argument | C1: direction | D1: key | E1: type | F1: value | G1: valueOptions | H1: AWB-Integration Bundle | I1: Done Server-Side | J1: Done Client-Side | K1: Description
A2: DB.SYSTEMS | C2: GET | D2: dbSystem[X] | E2: String | F2: e.g. 'Apache Derby', 'MariaDB', … | H2: de.enflexit.db.hibernate | I2: True | J2: True | K2: Get only. Probably returns several indexed properties. Returns all registered HibernateDatabaseServices with ther names.
A3: DB.SYSTEMS.PARAMETER | C3: GET | D3: dbSystem[X] | E3: String | F3: e.g. 'MariaDB' | H3: de.enflexit.db.hibernate | I3: True | J3: True
A4: DB.SYSTEMS.PARAMETER | C4: GET | D4: dbSystem[X].hibernate.connection.driver_class | E4: String | F4: e.g. 'org.mariadb.jdbc.Driver' | H4: de.enflexit.db.hibernate | I4: True | J4: True
A5: DB.SYSTEMS.PARAMETER | C5: GET | D5: dbSystem[X].hibernate.connection.url | E5: String | F5: e.g. 'jdbc:mariadb://localhost:3306/agentWorkbench?createDatabaseIfNotExist=true' | H5: de.enflexit.db.hibernate | I5: True | J5: True
A6: DB.SYSTEMS.PARAMETER | C6: GET | D6: dbSystem[X].hibernate.connection.url.mask | E6: String | F6: e.g. 'jdbc:mariadb://[HostOrIP]:[Port]/[Catalog]?createDatabaseIfNotExist=true' | H6: de.enflexit.db.hibernate | I6: True | J6: True
A7: DB.SYSTEMS.PARAMETER | C7: GET | D7: dbSystem[X].hibernate.default_catalog | E7: String | F7: e.g. 'agentWorkbench' | H7: de.enflexit.db.hibernate | I7: True | J7: True
A8: DB.SYSTEMS.PARAMETER | C8: GET | D8: dbSystem[X].hibernate.connection.username | E8: String | F8: e.g. 'admin' | H8: de.enflexit.db.hibernate | I8: True | J8: True
A9: DB.SYSTEMS.PARAMETER | C9: GET | D9: dbSystem[X].hibernate.connection.password | E9: String | F9: e.g. 'secret' | H9: de.enflexit.db.hibernate | I9: True | J9: True
A10: DB.FACTORIES | C10: GET | D10: factory[X] | E10: String | F10: e.g. 'de.enfexit.awb.bgsystem.db' | H10: de.enflexit.db.hibernate | I10: True | J10: True | K10: Returns all registered Hibernate database factories with their name.
A11: DB.FACTORIES | C11: GET | D11: factory[X].state | E11: String | F11: e.g.'Created' | G11: [NotAvailableYet (Not available yet), Destroyed (SessionFactory was destroyed), CheckDBConnection (Checking database connection ...), CheckDBConectionFailed (Database connection test failed!), InitializationProcessStarted (Initialize SessionFactory), InitializationProcessFailed (Initialization of SessionFactory failed), Created (Successfully Initialized)] | H11: de.enflexit.db.hibernate | I11: True | J11: True | K11: Returns the states of the corresponding factory (see value Options)
A12: DB.DERBY.NETWORKSERVER | C12: GET + SET | D12: isStartDerbyNetworkServer | E12: Boolean | F12: true | false | H12: de.enflexit.db.derby | I12: True | J12: True | K12: indicator to start a derby network server
A13: DB.DERBY.NETWORKSERVER | C13: GET + SET | D13: host-IP | E13: String | F13: localhost | H13: de.enflexit.db.derby | I13: True | J13: True | K13: Host or IP-Address
A14: DB.DERBY.NETWORKSERVER | C14: GET + SET | D14: port | E14: Integer | F14: 1527 | H14: de.enflexit.db.derby | I14: True | J14: True | K14: Port of the DB-Server
A15: DB.DERBY.NETWORKSERVER | C15: GET + SET | D15: userName | E15: String | F15: xxxxx | H15: de.enflexit.db.derby | I15: True | J15: True | K15: The username to access the DB-Server
A16: DB.DERBY.NETWORKSERVER | C16: GET + SET | D16: password | E16: String | F16: ****** | H16: de.enflexit.db.derby | I16: True | J16: True | K16: The password to access the DB-Server
A17: DB.CONN.GENERAL | C17: GET + SET | D17: useForEveryFactory | E17: Boolean | F17: true | false | H17: de.enflexit.db.hibernate | I17: True | J17: True | K17: Decides wether to use the general database connection settings for every db connection.
A18: DB.CONN.GENERAL | C18: GET + SET | D18: dbSystem | E18: String | F18: e.g. 'MariaDB' | H18: de.enflexit.db.hibernate | I18: True | J18: True | K18: The name of the database System
A19: DB.CONN.GENERAL | C19: GET + SET | D19: hibernate.connection.driver_class | E19: String | F19: e.g. 'org.mariadb.jdbc.Driver' | H19: de.enflexit.db.hibernate | I19: True | J19: True
A20: DB.CONN.GENERAL | C20: GET + SET | D20: hibernate.connection.url | E20: String | F20: e.g. 'jdbc:mariadb://myServer:1234/myDatabase?createDatabaseIfNotExist=true' | H20: de.enflexit.db.hibernate | I20: True | J20: True
A21: DB.CONN.GENERAL | C21: GET + SET | D21: hibernate.default_catalog | E21: String | F21: e.g. 'myDatabase' | H21: de.enflexit.db.hibernate | I21: True | J21: True
A22: DB.CONN.GENERAL | C22: GET + SET | D22: hibernate.connection.username | E22: String | F22: e.g. 'superUser' | H22: de.enflexit.db.hibernate | I22: True | J22: True
A23: DB.CONN.GENERAL | C23: GET + SET | D23: hibernate.connection.password | E23: String | F23: e.g. 'secretPassword' | H23: de.enflexit.db.hibernate | I23: True | J23: True
A24: DB.CONN.FACTORY.GET | C24: GET | D24: factory[X].factoryID | E24: String | F24: e.g. 'de.enflexit.awb.bgsystem.db' | H24: de.enflexit.db.hibernate | I24: True | J24: True | K24: Returns a list with all registered hibernate session factories
A25: DB.CONN.FACTORY.GET | C25: GET | D25: factory[X].dbSystem | E25: String | F25: e.g. 'MariaDB' | H25: de.enflexit.db.hibernate | I25: True | J25: True | K25: The database system currently selected within the factory
A26: DB.CONN.FACTORY.GET | C26: GET | D26: factory[X].hibernate.connection.driver_class | E26: String | F26: e.g. 'org.mariadb.jdbc.Driver' | H26: de.enflexit.db.hibernate | I26: True | J26: True
A27: DB.CONN.FACTORY.GET | C27: GET | D27: factory[X].hibernate.connection.url | E27: String | F27: e.g. 'jdbc:mariadb://myServer:1234/myDatabase?createDatabaseIfNotExist=true' | H27: de.enflexit.db.hibernate | I27: True | J27: True
A28: DB.CONN.FACTORY.GET | C28: GET | D28: factory[X].hibernate.default_catalog | E28: String | F28: e.g. 'myDatabase' | H28: de.enflexit.db.hibernate | I28: True | J28: True
A29: DB.CONN.FACTORY.GET | C29: GET | D29: factory[X].hibernate.connection.username | E29: String | F29: e.g. 'superUser' | H29: de.enflexit.db.hibernate | I29: True | J29: True
A30: DB.CONN.FACTORY.GET | C30: GET | D30: factory[X].hibernate.connection.password | E30: String | F30: e.g. 'secretPassword' | H30: de.enflexit.db.hibernate | I30: True | J30: True
A31: DB.CONN.FACTORY.SET | C31: SET | D31: factoryID | E31: String | F31: e.g. 'de.enflexit.awb.bgsystem.db' | H31: de.enflexit.db.hibernate | I31: True | J31: True
A32: DB.CONN.FACTORY.SET | C32: SET | D32: dbSystem | E32: String | F32: e.g. 'MariaDB' | H32: de.enflexit.db.hibernate | I32: True | J32: True
A33: DB.CONN.FACTORY.SET | C33: SET | D33: hibernate.connection.driver_class | E33: String | F33: e.g. 'org.mariadb.jdbc.Driver' | H33: de.enflexit.db.hibernate | I33: True | J33: True
A34: DB.CONN.FACTORY.SET | C34: SET | D34: hibernate.connection.url | E34: String | F34: e.g. 'jdbc:mariadb://myServer:1234/myDatabase?createDatabaseIfNotExist=true' | H34: de.enflexit.db.hibernate | I34: True | J34: True
A35: DB.CONN.FACTORY.SET | C35: SET | D35: hibernate.default_catalog | E35: String | F35: e.g. 'myDatabase' | H35: de.enflexit.db.hibernate | I35: True | J35: True
A36: DB.CONN.FACTORY.SET | C36: SET | D36: hibernate.connection.username | E36: String | F36: e.g. 'superUser' | H36: de.enflexit.db.hibernate | I36: True | J36: True
A37: DB.CONN.FACTORY.SET | C37: SET | D37: hibernate.connection.password | E37: String | F37: e.g. 'secretPassword' | H37: de.enflexit.db.hibernate | I37: True | J37: True
... A43: DB.CONN.TEST | C43: SET | D43: hibernate.connection.password | E43: String | F43: e.g. 'secretPassword' | H43: de.enflexit.db.hibernate | I43: True | J43: True
A44: EXEC.MODE | C44: GET+SET | D44: exec.mode | E44: String | F44: e.g. 'Application' | G44: APPLICATION, SERVER, SERVER_MASTER, SERVER_SLAVE, DEVICE_SYSTEM | H44: de.enflexit.awb.core | I44: True | J44: True
A45: EXEC.MODE | C45: GET+SET | D45: server.master.url | E45: String | F45: e.g. 'HTTP//:myServer:1099/JADE' | H45: de.enflexit.awb.core | I45: True | J45: True
A46: EXEC.MODE | C46: GET+SET | D46: server.master.port | E46: Integer | F46: e.g. '1099' | H46: de.enflexit.awb.core | I46: True | J46: True
A47: EXEC.MODE | C47: GET+SET | D47: server.master.port.mtp | E47: Integer | F47: e.g. '1099' | H47: de.enflexit.awb.core | I47: True | J47: True
A48: EXEC.MODE | C48: GET+SET | D48: server.master.protocol | E48: String | F48: e.g. 'HTTP' | G48: HTTP, HTTPS | H48: de.enflexit.awb.core | I48: True | J48: True
A49: EXEC.MODE | C49: GET+SET | D49: local.mtp.creation | E49: String | F49: e.g. 'ConfiguredByJADE' | G49: ConfiguredByJADE, ConfiguredByIPandPort | H49: de.enflexit.awb.core | I49: True | J49: True
A50: EXEC.MODE | C50: GET+SET | D50: local.mtp.url | E50: String | F50: e.g. '192.168.0.0' | H50: de.enflexit.awb.core | I50: True | J50: True
A51: EXEC.MODE | C51: GET+SET | D51: local.mtp.port | E51: Integer | F51: e.g. '7778' | H51: de.enflexit.awb.core | I51: True | J51: True
A52: EXEC.MODE | C52: GET+SET | D52: local.mtp.protocol | E52: String | F52: e.g. 'HTTP' | G52: HTTP, HTTPS | H52: de.enflexit.awb.core | I52: True | J52: True
A53: EXEC.MODE | C53: GET+SET | D53: embeddedsystem.project | E53: String | F53: e.g. 'Game of life' | H53: de.enflexit.awb.core | I53: True | J53: True
A54: EXEC.MODE | C54: GET+SET | D54: device_system_exec_mode | E54: String | F54: e.g. 'Setup' | G54: SETUP, AGENT | H54: de.enflexit.awb.core | I54: True | J54: True
A55: EXEC.MODE | C55: GET+SET | D55: embeddedsystem.agent[X].classname | E55: String | F55: e.g. 'jade.tools.sniffer.Sniffer' | H55: de.enflexit.awb.core | I55: True | J55: True
A56: EXEC.MODE | C56: GET+SET | D56: embeddedsystem.agent[X].agentname | E56: String | F56: e.g. 'Agent1' | H56: de.enflexit.awb.core | I56: True | J56: True
A57: EXEC.MODE | C57: GET+SET | D57: service.service_setup | E57: String | F57: e.g. '72 Agents' | H57: de.enflexit.awb.core | I57: True | J57: True
A58: EXEC.MODE | C58: GET | D58: local.ip.selection[X] | E58: String | F58: e.g. '10.96.155.4' | H58: de.enflexit.awb.core | I58: True | J58: True
A59: EXEC.MODE | C59: GET | D59: factory_id | E59: String | F59: always de.enflexit.awb.bgSystem.db | H59: de.enflexit.awb.core | I59: True | J59: True
A60: AWB.AGENTS | C60: GET | D60: agent[X].classname | E60: String | F60: e.g. 'jade.tools.sniffer.Sniffer' | H60: de.enflexit.awb.bgSystem | I60: True | J60: True | K60: Returns a list with the names of all registered classes extending jade.core.Agent
A61: PROJECTS | C61: GET | D61: project[X] | E61: String | F61: e.g. 'game_of_life' | H61: de.enflexit.awb.bgSystem | I61: True | J61: True
A62: PROJECT.SETUPS[X] | B62: X = 'game_of_life' | C62: GET | D62: project[X].setup[X] | E62: String | F62: e.g. 'default' | H62: de.enflexit.awb.bgSystem | I62: True | J62: True
A63: EXEC.MASTER.SLAVES.GET | C63: GET | D63: bgplatform[X].contactagent | E63: String | F63: e.g. 'server.slave@10.96.155.2:1100/JADE' | H63: de.enflexit.awb.bgSystem | I63: True | J63: True
A64: EXEC.MASTER.SLAVES.GET | C64: GET | D64: bgplatform[X].platformname | E64: String | F64: e.g. '10.96.155.2:1100/JADE' | H64: de.enflexit.awb.bgSystem | I64: True | J64: True
A65: EXEC.MASTER.SLAVES.GET | C65: GET | D65: bgplatform[X].server | E65: Boolean | F65: true | false | H65: de.enflexit.awb.bgSystem | I65: True | J65: True
A66: EXEC.MASTER.SLAVES.GET | C66: GET | D66: bgplatform[X].ipaddress | E66: String | F66: e.g. '10.96.155.12' | H66: de.enflexit.awb.bgSystem | I66: True | J66: True
A67: EXEC.MASTER.SLAVES.GET | C67: GET | D67: bgplatform[X].url | E67: String | F67: e.g. ' | H67: de.enflexit.awb.bgSystem | I67: True | J67: True
A68: EXEC.MASTER.SLAVES.GET | C68: GET | D68: bgplatform[X].jadeport | E68: Integer | F68: e.g. '1100' | H68: de.enflexit.awb.bgSystem | I68: True | J68: True
A69: EXEC.MASTER.SLAVES.GET | C69: GET | D69: bgplatform[X].httpmtp | E69: String | F69: e.g. 'http://DESKTOP:7779/acc' | H69: de.enflexit.awb.bgSystem | I69: True | J69: True
A70: EXEC.MASTER.SLAVES.GET | C70: GET | D70: bgplatform[X].versionmajor | E70: Integer | F70: e.g. '3' | H70: de.enflexit.awb.bgSystem | I70: True | J70: True
A71: EXEC.MASTER.SLAVES.GET | C71: GET | D71: bgplatform[X].versionminor | E71: Integer | F71: e.g. '0' | H71: de.enflexit.awb.bgSystem | I71: True | J71: True
A72: EXEC.MASTER.SLAVES.GET | C72: GET | D72: bgplatform[X].versionmicro | E72: Integer | F72: e.g. '0' | H72: de.enflexit.awb.bgSystem | I72: True | J72: True
A73: EXEC.MASTER.SLAVES.GET | C73: GET | D73: bgplatform[X].versionbuild | E73: Integer | F73: e.g. '202604201143' | H73: de.enflexit.awb.bgSystem | I73: True | J73: True
A74: EXEC.MASTER.SLAVES.GET | C74: GET | D74: bgplatform[X].os.name | E74: String | F74: e.g. 'Windows 11' | H74: de.enflexit.awb.bgSystem | I74: True | J74: True
... A93: UPDATE.STRATEGY | C93: GET+SET | D93: isautoupdate | E93: Boolean | F93: true | false | H93: de.enflexit.awb.ws.core | I93: True | J93: True
A94: UPDATE.BACKEND.CHECK | C94: GET | D94: updatecheck.backend.ispending | E94: Boolean | F94: true | false | H94: de.enflexit.awb.core | I94: True
A95: UPDATE.BACKEND.CHECK | C95: GET | D95: updatecheck.backend.isavailable | E95: Boolean | F95: true | false | H95: de.enflexit.awb.core | I95: True
A96: UPDATE.BACKEND.CHECK | C96: GET | D96: updatecheck.backend.lastcheck | E96: String | F96: e.g. '21.05.26 16:49' | H96: de.enflexit.awb.core | I96: True
A97: UPDATE.BACKEND.EXECUTE | C97: GET | D97: update.status | E97: String | F97: e.g. 'Pending', 'Done', 'Error' | H97: de.enflexit.awb.core | I97: True
A98: UPDATE.BACKEND.EXECUTE | C98: GET | D98: update.progress | E98: Integer | F98: e.g. '25' | H98: de.enflexit.awb.core | I98: True
A99: UPDATE.BACKEND.EXECUTE | C99: GET | D99: update.message | E99: String | F99: e.g. 'Currently instaling ….' | H99: de.enflexit.awb.core | I99: True
A100: UPDATE.FRONTEND.CHECK | C100: GET | D100: updatecheck.frontend.ispending | E100: Boolean | F100: true | false | H100: de.enflexit.awb.ws.core | I100: True
A101: UPDATE.FRONTEND.CHECK | C101: GET | D101: updatecheck.frontend.isavailable | E101: Boolean | F101: true | false | H101: de.enflexit.awb.ws.core | I101: True
A102: UPDATE.FRONTEND.CHECK | C102: GET | D102: updatecheck.frontend.lastcheck | E102: String | F102: e.g. '21.05.26 16:49' | H102: de.enflexit.awb.ws.core | I102: True
A103: UPDATE.FRONTEND.CHECK | C103: GET | D103: updatecheck.frontend.currentversion | E103: String | F103: e.g. '0.0.4.20260602-1115' | H103: de.enflexit.awb.ws.core | I103: True
A104: UPDATE.FRONTEND.CHECK | C104: GET | D104: updatecheck.frontend.newversion | E104: String | F104: e.g. '0.0.4.20260602-1140' | H104: de.enflexit.awb.ws.core | I104: True
A105: UPDATE.FRONTEND.EXECUTE | C105: GET | D105: update.status | E105: String | F105: e.g. 'Done' | G105: Pending, Done, Error | I105: True
A106: UPDATE.FRONTEND.EXECUTE | C106: GET | D106: update.message | E106: String | F106: e.g. 'Update installed' | G106: Update installed, Nothing to update, "" | I106: True

Sheet Java-Code
A1: ='Property-Definition'!A1 -> performative | B1: Constant-Definition
A2: ='Property-Definition'!A2 -> DB.SYSTEMS | B2: ="public final static String " & UPPER( SUBSTITUTE( SUBSTITUTE('Property-Definition'!D2,"[X]",""),".","_") ) & " = " & CHAR(34) & 'Property-Definition'!D2 & CHAR(34) & ";" -> public final static String DBSYSTEM = "dbSystem[X]";
A3: ='Property-Definition'!A3 -> DB.SYSTEMS.PARAMETER | B3: ="public final static String " & UPPER( SUBSTITUTE( SUBSTITUTE('Property-Definition'!D3,"[X]",""),".","_") ) & " = " & CHAR(34) & 'Property-Definition'!D3 & CHAR(34) & ";" -> public final static String DBSYSTEM = "dbSystem[X]";
A4: ='Property-Definition'!A4 -> DB.SYSTEMS.PARAMETER | B4: ="public final static String " & UPPER( SUBSTITUTE( SUBSTITUTE('Property-Definition'!D4,"[X]",""),".","_") ) & " = " & CHAR(34) & 'Property-Definition'!D4 & CHAR(34) & ";" -> public final static String DBSYSTEM_HIBERNATE_CONNECTION_DRIVER_CLASS = "dbSystem[X].hibernate.connection.driver_class";
A5: ='Property-Definition'!A5 -> DB.SYSTEMS.PARAMETER | B5: ="public final static String " & UPPER( SUBSTITUTE( SUBSTITUTE('Property-Definition'!D5,"[X]",""),".","_") ) & " = " & CHAR(34) & 'Property-Definition'!D5 & CHAR(34) & ";" -> public final static String DBSYSTEM_HIBERNATE_CONNECTION_URL = "dbSystem[X].hibernate.connection.url";
A6: ='Property-Definition'!A6 -> DB.SYSTEMS.PARAMETER | B6: ="public final static String " & UPPER( SUBSTITUTE( SUBSTITUTE('Property-Definition'!D6,"[X]",""),".","_") ) & " = " & CHAR(34) & 'Property-Definition'!D6 & CHAR(34) & ";" -> public final static String DBSYSTEM_HIBERNATE_CONNECTION_URL_MASK = "dbSystem[X].hibernate.connection.url.mask";
A7: ='Property-Definition'!A7 -> DB.SYSTEMS.PARAMETER | B7: ="public final static String " & UPPER( SUBSTITUTE( SUBSTITUTE('Property-Definition'!D7,"[X]",""),".","_") ) & " = " & CHAR(34) & 'Property-Definition'!D7 & CHAR(34) & ";" -> public final static String DBSYSTEM_HIBERNATE_DEFAULT_CATALOG = "dbSystem[X].hibernate.default_catalog";
A8: ='Property-Definition'!A8 -> DB.SYSTEMS.PARAMETER | B8: ="public final static String " & UPPER( SUBSTITUTE( SUBSTITUTE('Property-Definition'!D8,"[X]",""),".","_") ) & " = " & CHAR(34) & 'Property-Definition'!D8 & CHAR(34) & ";" -> public final static String DBSYSTEM_HIBERNATE_CONNECTION_USERNAME = "dbSystem[X].hibernate.connection.username";
A9: ='Property-Definition'!A9 -> DB.SYSTEMS.PARAMETER | B9: ="public final static String " & UPPER( SUBSTITUTE( SUBSTITUTE('Property-Definition'!D9,"[X]",""),".","_") ) & " = " & CHAR(34) & 'Property-Definition'!D9 & CHAR(34) & ";" -> public final static String DBSYSTEM_HIBERNATE_CONNECTION_PASSWORD = "dbSystem[X].hibernate.connection.password";
A10: ='Property-Definition'!A10 -> DB.FACTORIES | B10: ="public final static String " & UPPER( SUBSTITUTE( SUBSTITUTE('Property-Definition'!D10,"[X]",""),".","_") ) & " = " & CHAR(34) & 'Property-Definition'!D10 & CHAR(34) & ";" -> public final static String FACTORY = "factory[X]";
A11: ='Property-Definition'!A11 -> DB.FACTORIES | B11: ="public final static String " & UPPER( SUBSTITUTE( SUBSTITUTE('Property-Definition'!D11,"[X]",""),".","_") ) & " = " & CHAR(34) & 'Property-Definition'!D11 & CHAR(34) & ";" -> public final static String FACTORY_STATE = "factory[X].state";
A12: ='Property-Definition'!A12 -> DB.DERBY.NETWORKSERVER | B12: ="public final static String " & UPPER( SUBSTITUTE( SUBSTITUTE('Property-Definition'!D12,"[X]",""),".","_") ) & " = " & CHAR(34) & 'Property-Definition'!D12 & CHAR(34) & ";" -> public final static String ISSTARTDERBYNETWORKSERVER = "isStartDerbyNetworkServer";
A13: ='Property-Definition'!A13 -> DB.DERBY.NETWORKSERVER | B13: ="public final static String " & UPPER( SUBSTITUTE( SUBSTITUTE('Property-Definition'!D13,"[X]",""),".","_") ) & " = " & CHAR(34) & 'Property-Definition'!D13 & CHAR(34) & ";" -> public final static String HOST-IP = "host-IP";
... A59: ='Property-Definition'!A59 -> EXEC.MODE | B59: ="public final static String " & UPPER( SUBSTITUTE( SUBSTITUTE('Property-Definition'!D59,"[X]",""),".","_") ) & " = " & CHAR(34) & 'Property-Definition'!D59 & CHAR(34) & ";" -> public final static String FACTORY_ID = "factory_id";
A60: ='Property-Definition'!#REF! -> #REF! | B60: ="public final static String " & UPPER( SUBSTITUTE( SUBSTITUTE('Property-Definition'!#REF!,"[X]",""),".","_") ) & " = " & CHAR(34) & 'Property-Definition'!#REF! & CHAR(34) & ";" -> #REF!
A61: ='Property-Definition'!A60 -> AWB.AGENTS | B61: ="public final static String " & UPPER( SUBSTITUTE( SUBSTITUTE('Property-Definition'!D60,"[X]",""),".","_") ) & " = " & CHAR(34) & 'Property-Definition'!D60 & CHAR(34) & ";" -> public final static String AGENT_CLASSNAME = "agent[X].classname";
A62: ='Property-Definition'!A61 -> PROJECTS | B62: ="public final static String " & UPPER( SUBSTITUTE( SUBSTITUTE('Property-Definition'!D61,"[X]",""),".","_") ) & " = " & CHAR(34) & 'Property-Definition'!D61 & CHAR(34) & ";" -> public final static String PROJECT = "project[X]";
A63: ='Property-Definition'!A62 -> PROJECT.SETUPS[X] | B63: ="public final static String " & UPPER( SUBSTITUTE( SUBSTITUTE('Property-Definition'!D62,"[X]",""),".","_") ) & " = " & CHAR(34) & 'Property-Definition'!D62 & CHAR(34) & ";" -> public final static String PROJECT_SETUP = "project[X].setup[X]";
A64: ='Property-Definition'!A63 -> EXEC.MASTER.SLAVES.GET | B64: ="public final static String " & UPPER( SUBSTITUTE( SUBSTITUTE('Property-Definition'!D63,"[X]",""),".","_") ) & " = " & CHAR(34) & 'Property-Definition'!D63 & CHAR(34) & ";" -> public final static String BGPLATFORM_CONTACTAGENT = "bgplatform[X].contactagent";
A65: ='Property-Definition'!A60 -> AWB.AGENTS | B65: ="public final static String " & UPPER( SUBSTITUTE( SUBSTITUTE('Property-Definition'!D64,"[X]",""),".","_") ) & " = " & CHAR(34) & 'Property-Definition'!D64 & CHAR(34) & ";" -> public final static String BGPLATFORM_PLATFORMNAME = "bgplatform[X].platformname";
A66: ='Property-Definition'!A61 -> PROJECTS | B66: ="public final static String " & UPPER( SUBSTITUTE( SUBSTITUTE('Property-Definition'!D65,"[X]",""),".","_") ) & " = " & CHAR(34) & 'Property-Definition'!D65 & CHAR(34) & ";" -> public final static String BGPLATFORM_SERVER = "bgplatform[X].server";
A67: ='Property-Definition'!A62 -> PROJECT.SETUPS[X] | B67: ="public final static String " & UPPER( SUBSTITUTE( SUBSTITUTE('Property-Definition'!D66,"[X]",""),".","_") ) & " = " & CHAR(34) & 'Property-Definition'!D66 & CHAR(34) & ";" -> public final static String BGPLATFORM_IPADDRESS = "bgplatform[X].ipaddress";
A68: ='Property-Definition'!A67 -> EXEC.MASTER.SLAVES.GET | B68: ="public final static String " & UPPER( SUBSTITUTE( SUBSTITUTE('Property-Definition'!D67,"[X]",""),".","_") ) & " = " & CHAR(34) & 'Property-Definition'!D67 & CHAR(34) & ";" -> public final static String BGPLATFORM_URL = "bgplatform[X].url";
A69: ='Property-Definition'!A68 -> EXEC.MASTER.SLAVES.GET | B69: ="public final static String " & UPPER( SUBSTITUTE( SUBSTITUTE('Property-Definition'!D68,"[X]",""),".","_") ) & " = " & CHAR(34) & 'Property-Definition'!D68 & CHAR(34) & ";" -> public final static String BGPLATFORM_JADEPORT = "bgplatform[X].jadeport";
A70: ='Property-Definition'!A69 -> EXEC.MASTER.SLAVES.GET | B70: ="public final static String " & UPPER( SUBSTITUTE( SUBSTITUTE('Property-Definition'!D69,"[X]",""),".","_") ) & " = " & CHAR(34) & 'Property-Definition'!D69 & CHAR(34) & ";" -> public final static String BGPLATFORM_HTTPMTP = "bgplatform[X].httpmtp";
A71: ='Property-Definition'!A70 -> EXEC.MASTER.SLAVES.GET | B71: ="public final static String " & UPPER( SUBSTITUTE( SUBSTITUTE('Property-Definition'!D70,"[X]",""),".","_") ) & " = " & CHAR(34) & 'Property-Definition'!D70 & CHAR(34) & ";" -> public final static String BGPLATFORM_VERSIONMAJOR = "bgplatform[X].versionmajor";
A72: ='Property-Definition'!A71 -> EXEC.MASTER.SLAVES.GET | B72: ="public final static String " & UPPER( SUBSTITUTE( SUBSTITUTE('Property-Definition'!D71,"[X]",""),".","_") ) & " = " & CHAR(34) & 'Property-Definition'!D71 & CHAR(34) & ";" -> public final static String BGPLATFORM_VERSIONMINOR = "bgplatform[X].versionminor";
A73: ='Property-Definition'!A72 -> EXEC.MASTER.SLAVES.GET | B73: ="public final static String " & UPPER( SUBSTITUTE( SUBSTITUTE('Property-Definition'!D72,"[X]",""),".","_") ) & " = " & CHAR(34) & 'Property-Definition'!D72 & CHAR(34) & ";" -> public final static String BGPLATFORM_VERSIONMICRO = "bgplatform[X].versionmicro";
A74: ='Property-Definition'!A73 -> EXEC.MASTER.SLAVES.GET | B74: ="public final static String " & UPPER( SUBSTITUTE( SUBSTITUTE('Property-Definition'!D73,"[X]",""),".","_") ) & " = " & CHAR(34) & 'Property-Definition'!D73 & CHAR(34) & ";" -> public final static String BGPLATFORM_VERSIONBUILD = "bgplatform[X].versionbuild";
A75: ='Property-Definition'!A74 -> EXEC.MASTER.SLAVES.GET | B75: ="public final static String " & UPPER( SUBSTITUTE( SUBSTITUTE('Property-Definition'!D74,"[X]",""),".","_") ) & " = " & CHAR(34) & 'Property-Definition'!D74 & CHAR(34) & ";" -> public final static String BGPLATFORM_OS_NAME = "bgplatform[X].os.name";
A76: ='Property-Definition'!A75 -> EXEC.MASTER.SLAVES.GET | B76: ="public final static String " & UPPER( SUBSTITUTE( SUBSTITUTE('Property-Definition'!D75,"[X]",""),".","_") ) & " = " & CHAR(34) & 'Property-Definition'!D75 & CHAR(34) & ";" -> public final static String BGPLATFORM_OS_VERSION = "bgplatform[X].os.version";
A77: ='Property-Definition'!A76 -> EXEC.MASTER.SLAVES.GET | B77: ="public final static String " & UPPER( SUBSTITUTE( SUBSTITUTE('Property-Definition'!D76,"[X]",""),".","_") ) & " = " & CHAR(34) & 'Property-Definition'!D76 & CHAR(34) & ";" -> public final static String BGPLATFORM_OS_ARCHITECTURE = "bgplatform[X].os.architecture";
A78: ='Property-Definition'!A77 -> EXEC.MASTER.SLAVES.GET | B78: ="public final static String " & UPPER( SUBSTITUTE( SUBSTITUTE('Property-Definition'!D77,"[X]",""),".","_") ) & " = " & CHAR(34) & 'Property-Definition'!D77 & CHAR(34) & ";" -> public final static String BGPLATFORM_CPU_NAME = "bgplatform[X].cpu.name";
A79: ='Property-Definition'!A78 -> EXEC.MASTER.SLAVES.GET | B79: ="public final static String " & UPPER( SUBSTITUTE( SUBSTITUTE('Property-Definition'!D78,"[X]",""),".","_") ) & " = " & CHAR(34) & 'Property-Definition'!D78 & CHAR(34) & ";" -> public final static String BGPLATFORM_CPU_NUMLOGICAL = "bgplatform[X].cpu.numlogical";
... A97: ='Property-Definition'!A96 -> UPDATE.BACKEND.CHECK | B97: ="public final static String " & UPPER( SUBSTITUTE( SUBSTITUTE('Property-Definition'!D96,"[X]",""),".","_") ) & " = " & CHAR(34) & 'Property-Definition'!D96 & CHAR(34) & ";" -> public final static String UPDATECHECK_BACKEND_LASTCHECK = "updatecheck.backend.lastcheck";
A98: ='Property-Definition'!#REF! -> #REF! | B98: ="public final static String " & UPPER( SUBSTITUTE( SUBSTITUTE('Property-Definition'!#REF!,"[X]",""),".","_") ) & " = " & CHAR(34) & 'Property-Definition'!#REF! & CHAR(34) & ";" -> #REF!
A99: ='Property-Definition'!A100 -> UPDATE.FRONTEND.CHECK | B99: ="public final static String " & UPPER( SUBSTITUTE( SUBSTITUTE('Property-Definition'!D100,"[X]",""),".","_") ) & " = " & CHAR(34) & 'Property-Definition'!D100 & CHAR(34) & ";" -> public final static String UPDATECHECK_FRONTEND_ISPENDING = "updatecheck.frontend.ispending";
A100: ='Property-Definition'!A101 -> UPDATE.FRONTEND.CHECK | B100: ="public final static String " & UPPER( SUBSTITUTE( SUBSTITUTE('Property-Definition'!D101,"[X]",""),".","_") ) & " = " & CHAR(34) & 'Property-Definition'!D101 & CHAR(34) & ";" -> public final static String UPDATECHECK_FRONTEND_ISAVAILABLE = "updatecheck.frontend.isavailable";
A101: ='Property-Definition'!A102 -> UPDATE.FRONTEND.CHECK | B101: ="public final static String " & UPPER( SUBSTITUTE( SUBSTITUTE('Property-Definition'!D102,"[X]",""),".","_") ) & " = " & CHAR(34) & 'Property-Definition'!D102 & CHAR(34) & ";" -> public final static String UPDATECHECK_FRONTEND_LASTCHECK = "updatecheck.frontend.lastcheck";
A102: ='Property-Definition'!A104 -> UPDATE.FRONTEND.CHECK | B102: ="public final static String " & UPPER( SUBSTITUTE( SUBSTITUTE('Property-Definition'!D104,"[X]",""),".","_") ) & " = " & CHAR(34) & 'Property-Definition'!D104 & CHAR(34) & ";" -> public final static String UPDATECHECK_FRONTEND_NEWVERSION = "updatecheck.frontend.newversion";
A103: ='Property-Definition'!A103 -> UPDATE.FRONTEND.CHECK
A104: ='Property-Definition'!A105 -> UPDATE.FRONTEND.EXECUTE
A105: ='Property-Definition'!A106 -> UPDATE.FRONTEND.EXECUTE
A106: ='Property-Definition'!A107 -> 0
A107: ='Property-Definition'!A108 -> 0
A108: ='Property-Definition'!A109 -> 0
A109: ='Property-Definition'!A110 -> 0
A110: ='Property-Definition'!A111 -> 0
A111: ='Property-Definition'!A112 -> 0
A112: ='Property-Definition'!A113 -> 0
A113: ='Property-Definition'!A114 -> 0
